<?xml version="1.0" encoding="windows-1252" ?>
<!DOCTYPE AppModule SYSTEM "jbo_03_01.dtd">
<!---->
<AppModule
  xmlns="http://xmlns.oracle.com/bc4j"
  Name="CashPlusAppModule"
  Version="11.1.1.64.93"
  InheritPersonalization="true"
  ComponentClass="model.AM.CashPlusAppModuleImpl"
  ComponentInterface="model.AM.common.CashPlusAppModule"
  ClientProxyName="model.AM.client.CashPlusAppModuleClient"
  ClearCacheOnRollback="true">
  <DesignTime>
    <Attr Name="_deployType" Value="0"/>
    <Attr Name="_isCodegen" Value="true"/>
  </DesignTime>
  <Properties>
    <SchemaBasedProperties>
      <LABEL
        ResId="model.AM.CashPlusAppModule_LABEL"/>
    </SchemaBasedProperties>
  </Properties>
  <ViewUsage
    Name="SearchLenderTransVO1"
    ViewObjectName="model.VO.SearchLenderTransVO"/>
  <ViewUsage
    Name="EmploymentTypeVO1"
    ViewObjectName="model.VO.EmploymentTypeVO"/>
  <ViewUsage
    Name="ProfessionTypeVO1"
    ViewObjectName="model.VO.ProfessionTypeVO"/>
  <ViewUsage
    Name="LenderLoanDetailsVO1"
    ViewObjectName="model.VO.LenderLoanDetailsVO"/>
  <ViewUsage
    Name="SearchedDataCacheVO1"
    ViewObjectName="model.VO.SearchedDataCacheVO"/>
  <ViewUsage
    Name="RegistrationTransVO1"
    ViewObjectName="model.VO.RegistrationTransVO"/>
  <ViewUsage
    Name="BorrowerProfileEOVO1"
    ViewObjectName="model.VO.BorrowerProfileEOVO"/>
  <ViewUsage
    Name="LoginDataEOVO1"
    ViewObjectName="model.VO.LoginDataEOVO"/>
  <ViewUsage
    Name="SearchDataEOVO1"
    ViewObjectName="model.VO.SearchDataEOVO"/>
  <ViewUsage
    Name="SavedSearchDataVO1"
    ViewObjectName="model.VO.SavedSearchDataVO"/>
  <ViewUsage
    Name="LoanRequestEOVO1"
    ViewObjectName="model.EO.LoanRequestEOVO"/>
  <ViewUsage
    Name="OccupationTransVO1"
    ViewObjectName="model.VO.OccupationTransVO"/>
  <ViewUsage
    Name="CountriesVO1"
    ViewObjectName="model.VO.CountriesVO"/>
  <ViewUsage
    Name="IndustriesVO1"
    ViewObjectName="model.VO.IndustriesVO"/>
  <ResourceBundle>
    <PropertiesBundle
      PropertiesFile="model.ModelBundle"/>
  </ResourceBundle>
  <ClientInterface>
    <Method
      Name="searchLenders">
      <Return
        Type="void"/>
    </Method>
    <Method
      Name="resetAction">
      <Return
        Type="void"/>
    </Method>
    <Method
      Name="setSearchedDataInCache">
      <Return
        Type="void"/>
    </Method>
    <Method
      Name="getCacheData">
      <Return
        Type="void"/>
    </Method>
    <Method
      Name="registrationProcess">
      <Return
        Type="java.lang.String"/>
    </Method>
    <Method
      Name="signInAction">
      <Return
        Type="java.lang.String"/>
      <Parameter
        Name="emailId"
        Type="java.lang.String"/>
      <Parameter
        Name="password"
        Type="java.lang.String"/>
    </Method>
    <Method
      Name="proceedActionOccupationDetailsLandingPage">
      <Return
        Type="void"/>
    </Method>
    <Method
      Name="submit">
      <Return
        Type="java.lang.String"/>
    </Method>
  </ClientInterface>
</AppModule>
