<?xml version="1.0" encoding="windows-1252" ?>
<!DOCTYPE ViewObject SYSTEM "jbo_03_01.dtd">
<!---->
<ViewObject
  xmlns="http://xmlns.oracle.com/bc4j"
  Name="LenderLoanDetailsVO"
  Version="11.1.1.64.93"
  InheritPersonalization="true"
  BindingStyle="OracleName"
  CustomQuery="true"
  PageIterMode="Full"
  UseGlueCode="false">
  <DesignTime>
    <Attr Name="_isExpertMode" Value="true"/>
  </DesignTime>
  <Properties>
    <SchemaBasedProperties>
      <LABEL
        ResId="model.VO.LenderLoanDetailsVO_LABEL"/>
    </SchemaBasedProperties>
  </Properties>
  <Variable
    Name="p_loanAmount"
    Kind="viewcriteria"
    Type="java.lang.Integer"/>
  <SQLQuery>
    <![CDATA[SELECT lp.lender_id,lp.full_name,lp.lender_type,llr.processing_fee,llr.min_loan,llr.max_loan,llr.roi FROM lender_profile lp,loan_lender_relationship llr
where llr.lender_id=lp.lender_id]]>
  </SQLQuery>
  <ViewAttribute
    Name="LenderId"
    IsPersistent="false"
    IsNotNull="true"
    PrecisionRule="true"
    Precision="18"
    Scale="0"
    Type="oracle.jbo.domain.Number"
    ColumnType="NUMBER"
    AliasName="LENDER_ID"
    Expression="LENDER_ID"
    SQLType="NUMERIC">
    <DesignTime>
      <Attr Name="_DisplaySize" Value="22"/>
    </DesignTime>
  </ViewAttribute>
  <ViewAttribute
    Name="FullName"
    IsPersistent="false"
    IsNotNull="true"
    PrecisionRule="true"
    Precision="100"
    Type="java.lang.String"
    ColumnType="VARCHAR2"
    AliasName="FULL_NAME"
    Expression="FULL_NAME"
    SQLType="VARCHAR">
    <DesignTime>
      <Attr Name="_DisplaySize" Value="100"/>
    </DesignTime>
  </ViewAttribute>
  <ViewAttribute
    Name="LenderType"
    IsPersistent="false"
    PrecisionRule="true"
    Precision="10"
    Type="java.lang.String"
    ColumnType="CHAR"
    AliasName="LENDER_TYPE"
    Expression="LENDER_TYPE"
    SQLType="VARCHAR">
    <DesignTime>
      <Attr Name="_DisplaySize" Value="10"/>
    </DesignTime>
  </ViewAttribute>
  <ViewAttribute
    Name="ProcessingFee"
    IsPersistent="false"
    PrecisionRule="true"
    Type="oracle.jbo.domain.Number"
    ColumnType="NUMBER"
    AliasName="PROCESSING_FEE"
    Expression="PROCESSING_FEE"
    SQLType="NUMERIC">
    <DesignTime>
      <Attr Name="_DisplaySize" Value="22"/>
    </DesignTime>
  </ViewAttribute>
  <ViewAttribute
    Name="MinLoan"
    IsPersistent="false"
    PrecisionRule="true"
    Type="oracle.jbo.domain.Number"
    ColumnType="NUMBER"
    AliasName="MIN_LOAN"
    Expression="MIN_LOAN"
    SQLType="NUMERIC">
    <DesignTime>
      <Attr Name="_DisplaySize" Value="22"/>
    </DesignTime>
  </ViewAttribute>
  <ViewAttribute
    Name="MaxLoan"
    IsPersistent="false"
    PrecisionRule="true"
    Type="oracle.jbo.domain.Number"
    ColumnType="NUMBER"
    AliasName="MAX_LOAN"
    Expression="MAX_LOAN"
    SQLType="NUMERIC">
    <DesignTime>
      <Attr Name="_DisplaySize" Value="22"/>
    </DesignTime>
  </ViewAttribute>
  <ViewAttribute
    Name="Roi"
    IsPersistent="false"
    PrecisionRule="true"
    Precision="38"
    Scale="0"
    Type="java.lang.Float"
    ColumnType="NUMBER"
    AliasName="ROI"
    Expression="ROI"
    SQLType="NUMERIC">
    <DesignTime>
      <Attr Name="_DisplaySize" Value="39"/>
    </DesignTime>
  </ViewAttribute>
  <ViewAttribute
    Name="CheckBox"
    IsUpdateable="false"
    IsSelected="false"
    IsPersistent="false"
    PrecisionRule="true"
    Type="java.lang.String"
    ColumnType="VARCHAR2"
    AliasName="VIEW_ATTR"
    SQLType="VARCHAR"/>
  <ViewCriteria
    Name="LenderLoanDetailsVOCriteria"
    ViewObjectName="model.VO.LenderLoanDetailsVO"
    Conjunction="AND">
    <Properties>
      <CustomProperties>
        <Property
          Name="displayOperators"
          Value="InAdvancedMode"/>
        <Property
          Name="autoExecute"
          Value="false"/>
        <Property
          Name="allowConjunctionOverride"
          Value="true"/>
        <Property
          Name="showInList"
          Value="true"/>
        <Property
          Name="mode"
          Value="Basic"/>
      </CustomProperties>
    </Properties>
    <ViewCriteriaRow
      Name="vcrow0"
      UpperColumns="1">
      <ViewCriteriaItem
        Name="MinLoan"
        ViewAttribute="MinLoan"
        Operator="&lt;="
        Conjunction="AND"
        Value=":p_loanAmount"
        IsBindVarValue="true"
        Required="Optional"/>
      <ViewCriteriaItem
        Name="MaxLoan"
        ViewAttribute="MaxLoan"
        Operator=">="
        Conjunction="AND"
        Value=":p_loanAmount"
        IsBindVarValue="true"
        Required="Optional"/>
    </ViewCriteriaRow>
  </ViewCriteria>
  <ResourceBundle>
    <PropertiesBundle
      PropertiesFile="model.ModelBundle"/>
  </ResourceBundle>
</ViewObject>
