<?xml version="1.0" encoding="windows-1252" ?>
<!DOCTYPE Entity SYSTEM "jbo_03_01.dtd">
<!---->
<Entity
  xmlns="http://xmlns.oracle.com/bc4j"
  Name="LoginDataEO"
  Version="11.1.1.64.93"
  InheritPersonalization="true"
  DBObjectType="table"
  DBObjectName="LOGIN_DATA"
  AliasName="LoginDataEO"
  BindingStyle="OracleName"
  UseGlueCode="false">
  <DesignTime>
    <Attr Name="_codeGenFlag2" Value="Access"/>
    <AttrArray Name="_publishEvents"/>
  </DesignTime>
  <Attribute
    Name="UserId"
    IsNotNull="true"
    Precision="200"
    ColumnName="USER_ID"
    SQLType="VARCHAR"
    Type="java.lang.String"
    ColumnType="VARCHAR2"
    TableName="LOGIN_DATA"
    PrimaryKey="true">
    <DesignTime>
      <Attr Name="_DisplaySize" Value="200"/>
    </DesignTime>
  </Attribute>
  <Attribute
    Name="MobileNumber"
    Precision="10"
    Scale="0"
    ColumnName="MOBILE_NUMBER"
    SQLType="NUMERIC"
    Type="oracle.jbo.domain.Number"
    ColumnType="NUMBER"
    TableName="LOGIN_DATA">
    <DesignTime>
      <Attr Name="_DisplaySize" Value="11"/>
    </DesignTime>
  </Attribute>
  <Attribute
    Name="EmailId"
    Precision="100"
    ColumnName="EMAIL_ID"
    SQLType="VARCHAR"
    Type="java.lang.String"
    ColumnType="VARCHAR2"
    TableName="LOGIN_DATA">
    <DesignTime>
      <Attr Name="_DisplaySize" Value="100"/>
    </DesignTime>
  </Attribute>
  <Attribute
    Name="Password"
    IsNotNull="true"
    Precision="50"
    ColumnName="PASSWORD"
    SQLType="VARCHAR"
    Type="java.lang.String"
    ColumnType="VARCHAR2"
    TableName="LOGIN_DATA">
    <DesignTime>
      <Attr Name="_DisplaySize" Value="50"/>
    </DesignTime>
  </Attribute>
  <Key
    Name="PkLoginData"
    PrimaryKey="true">
    <DesignTime>
      <Attr Name="_DBObjectName" Value="PK_LOGIN_DATA"/>
    </DesignTime>
    <AttrArray Name="Attributes">
      <Item Value="model.VO.LoginDataEO.UserId"/>
    </AttrArray>
  </Key>
  <Key
    Name="SysC007312">
    <DesignTime>
      <Attr Name="_DBObjectName" Value="SYS_C007312"/>
      <Attr Name="_checkCondition" Value='"USER_ID" IS NOT NULL'/>
      <Attr Name="_isCheck" Value="true"/>
    </DesignTime>
    <AttrArray Name="Attributes">
      <Item Value="model.VO.LoginDataEO.UserId"/>
    </AttrArray>
  </Key>
  <Key
    Name="SysC007315">
    <DesignTime>
      <Attr Name="_DBObjectName" Value="SYS_C007315"/>
      <Attr Name="_checkCondition" Value='"PASSWORD" IS NOT NULL'/>
      <Attr Name="_isCheck" Value="true"/>
    </DesignTime>
    <AttrArray Name="Attributes">
      <Item Value="model.VO.LoginDataEO.Password"/>
    </AttrArray>
  </Key>
</Entity>
