<?xml version="1.0" encoding="windows-1252" ?>
<!DOCTYPE ViewObject SYSTEM "jbo_03_01.dtd">
<!---->
<ViewObject
  xmlns="http://xmlns.oracle.com/bc4j"
  Name="OccupationTransVO"
  Version="11.1.1.64.93"
  InheritPersonalization="true"
  BindingStyle="OracleName"
  CustomQuery="true"
  PageIterMode="Full"
  UseGlueCode="false">
  <DesignTime>
    <Attr Name="_isExpertMode" Value="true"/>
  </DesignTime>
  <Properties>
    <SchemaBasedProperties>
      <LABEL
        ResId="model.VO.OccupationTransVO_LABEL"/>
    </SchemaBasedProperties>
  </Properties>
  <ViewAccessor
    Name="CountriesVO1"
    ViewObjectName="model.VO.CountriesVO"
    RowLevelBinds="true"/>
  <ViewAccessor
    Name="IndustriesVO1"
    ViewObjectName="model.VO.IndustriesVO"
    RowLevelBinds="true"/>
  <ListBinding
    Name="LOV_OFFICE_COUNTRY"
    ListVOName="CountriesVO1"
    ListRangeSize="10"
    NullValueFlag="none"
    NullValueId="LOV_OFFICE_COUNTRY_LOVUIHints_NullValueId"
    MRUCount="0">
    <AttrArray Name="AttrNames">
      <Item Value="OFFICE_COUNTRY"/>
    </AttrArray>
    <AttrArray Name="ListAttrNames">
      <Item Value="CountryName"/>
    </AttrArray>
    <AttrArray Name="ListDisplayAttrNames">
      <Item Value="CountryName"/>
    </AttrArray>
    <DisplayCriteria/>
  </ListBinding>
  <ListBinding
    Name="LOV_Industry"
    ListVOName="IndustriesVO1"
    ListRangeSize="10"
    NullValueFlag="none"
    NullValueId="LOV_Industry_LOVUIHints_NullValueId"
    MRUCount="0">
    <AttrArray Name="AttrNames">
      <Item Value="Industry"/>
    </AttrArray>
    <AttrArray Name="ListAttrNames">
      <Item Value="IndustryName"/>
    </AttrArray>
    <AttrArray Name="ListDisplayAttrNames">
      <Item Value="IndustryName"/>
    </AttrArray>
    <DisplayCriteria
      Hint="showAndExecute"/>
  </ListBinding>
  <SQLQuery>
    <![CDATA[SELECT * FROM DUAL]]>
  </SQLQuery>
  <ViewAttribute
    Name="Dummy"
    IsPersistent="false"
    PrecisionRule="true"
    Precision="255"
    Type="java.lang.String"
    ColumnType="VARCHAR2"
    AliasName="DUMMY"
    Expression="DUMMY"
    SQLType="VARCHAR">
    <DesignTime>
      <Attr Name="_DisplaySize" Value="1"/>
    </DesignTime>
  </ViewAttribute>
  
  
  <ViewAttribute
    Name="TEST"
    IsSelected="false"
    IsPersistent="false"
    PrecisionRule="true"
    Type="java.lang.String"
    ColumnType="VARCHAR2"
    AliasName="VIEW_ATTR"
    SQLType="VARCHAR"/>
    
    
  <ViewAttribute
    Name="EmployerName"
    IsSelected="false"
    IsPersistent="false"
    PrecisionRule="true"
    Type="java.lang.String"
    ColumnType="VARCHAR2"
    AliasName="VIEW_ATTR"
    SQLType="VARCHAR"/>
  <ViewAttribute
    Name="OfficeAddress1"
    IsSelected="false"
    IsPersistent="false"
    PrecisionRule="true"
    Type="java.lang.String"
    ColumnType="VARCHAR2"
    AliasName="VIEW_ATTR"
    SQLType="VARCHAR"/>
  <ViewAttribute
    Name="OfficeAddress2"
    IsSelected="false"
    IsPersistent="false"
    PrecisionRule="true"
    Type="java.lang.String"
    ColumnType="VARCHAR2"
    AliasName="VIEW_ATTR"
    SQLType="VARCHAR"/>
  <ViewAttribute
    Name="Industry"
    IsSelected="false"
    IsPersistent="false"
    PrecisionRule="true"
    Type="java.lang.String"
    ColumnType="VARCHAR2"
    AliasName="VIEW_ATTR"
    SQLType="VARCHAR"
    LOVName="LOV_Industry">
    <Properties>
      <SchemaBasedProperties>
        <CONTROLTYPE
          Value="input_text_lov"/>
      </SchemaBasedProperties>
    </Properties>
  </ViewAttribute>
  <ViewAttribute
    Name="PAN"
    IsSelected="false"
    IsPersistent="false"
    PrecisionRule="true"
    Type="java.lang.String"
    ColumnType="VARCHAR2"
    AliasName="VIEW_ATTR"
    SQLType="VARCHAR"/>
  <ViewAttribute
    Name="OFFICE_COUNTRY"
    IsSelected="false"
    IsPersistent="false"
    PrecisionRule="true"
    Type="java.lang.String"
    ColumnType="VARCHAR2"
    AliasName="VIEW_ATTR"
    SQLType="VARCHAR"
    LOVName="LOV_OFFICE_COUNTRY">
    <Properties>
      <SchemaBasedProperties>
        <CONTROLTYPE
          Value="input_text_lov"/>
      </SchemaBasedProperties>
    </Properties>
  </ViewAttribute>
  <ViewAttribute
    Name="OFFICE_CITY"
    IsSelected="false"
    IsPersistent="false"
    PrecisionRule="true"
    Type="java.lang.String"
    ColumnType="VARCHAR2"
    AliasName="VIEW_ATTR"
    SQLType="VARCHAR"/>
  <ViewAttribute
    Name="PIN"
    IsSelected="false"
    IsPersistent="false"
    PrecisionRule="true"
    Type="oracle.jbo.domain.Number"
    ColumnType="NUMBER"
    AliasName="VIEW_ATTR"
    SQLType="VARCHAR"/>
  <ViewAttribute
    Name="GST"
    IsSelected="false"
    IsPersistent="false"
    PrecisionRule="true"
    Type="oracle.jbo.domain.Number"
    ColumnType="NUMBER"
    AliasName="VIEW_ATTR"
    SQLType="VARCHAR"/>
  
  <ResourceBundle>
    <PropertiesBundle
      PropertiesFile="model.ModelBundle"/>
  </ResourceBundle>
</ViewObject>
