<?xml version="1.0" encoding="windows-1252" ?>
<!DOCTYPE ViewObject SYSTEM "jbo_03_01.dtd">
<!---->
<ViewObject
  xmlns="http://xmlns.oracle.com/bc4j"
  Name="SavedSearchDataVO"
  Version="11.1.1.64.93"
  InheritPersonalization="true"
  BindingStyle="OracleName"
  CustomQuery="true"
  PageIterMode="Full"
  UseGlueCode="false">
  <DesignTime>
    <Attr Name="_isExpertMode" Value="true"/>
  </DesignTime>
  <Properties>
    <SchemaBasedProperties>
      <LABEL
        ResId="model.VO.SavedSearchDataVO_LABEL"/>
    </SchemaBasedProperties>
  </Properties>
  <SQLQuery>
    <![CDATA[SELECT * FROM SEARCH_DATA]]>
  </SQLQuery>
  <ViewAttribute
    Name="BorrowerId"
    IsPersistent="false"
    IsNotNull="true"
    PrecisionRule="true"
    Precision="200"
    Type="java.lang.String"
    ColumnType="VARCHAR2"
    AliasName="BORROWER_ID"
    Expression="BORROWER_ID"
    SQLType="VARCHAR">
    <DesignTime>
      <Attr Name="_DisplaySize" Value="200"/>
    </DesignTime>
  </ViewAttribute>
  <ViewAttribute
    Name="EmploymentType"
    IsPersistent="false"
    IsNotNull="true"
    PrecisionRule="true"
    Precision="100"
    Type="java.lang.String"
    ColumnType="VARCHAR2"
    AliasName="EMPLOYMENT_TYPE"
    Expression="EMPLOYMENT_TYPE"
    SQLType="VARCHAR">
    <DesignTime>
      <Attr Name="_DisplaySize" Value="100"/>
    </DesignTime>
  </ViewAttribute>
  <ViewAttribute
    Name="LoanType"
    IsPersistent="false"
    IsNotNull="true"
    PrecisionRule="true"
    Precision="50"
    Type="java.lang.String"
    ColumnType="VARCHAR2"
    AliasName="LOAN_TYPE"
    Expression="LOAN_TYPE"
    SQLType="VARCHAR">
    <DesignTime>
      <Attr Name="_DisplaySize" Value="50"/>
    </DesignTime>
  </ViewAttribute>
  <ViewAttribute
    Name="LoanAmount"
    IsPersistent="false"
    IsNotNull="true"
    PrecisionRule="true"
    Precision="18"
    Scale="0"
    Type="oracle.jbo.domain.Number"
    ColumnType="NUMBER"
    AliasName="LOAN_AMOUNT"
    Expression="LOAN_AMOUNT"
    SQLType="NUMERIC">
    <DesignTime>
      <Attr Name="_DisplaySize" Value="19"/>
    </DesignTime>
  </ViewAttribute>
  <ViewAttribute
    Name="Tenure"
    IsPersistent="false"
    IsNotNull="true"
    PrecisionRule="true"
    Precision="18"
    Scale="0"
    Type="oracle.jbo.domain.Number"
    ColumnType="NUMBER"
    AliasName="TENURE"
    Expression="TENURE"
    SQLType="NUMERIC">
    <DesignTime>
      <Attr Name="_DisplaySize" Value="19"/>
    </DesignTime>
  </ViewAttribute>
  <ViewAttribute
    Name="MonthlyIncome"
    IsPersistent="false"
    PrecisionRule="true"
    Precision="18"
    Scale="0"
    Type="oracle.jbo.domain.Number"
    ColumnType="NUMBER"
    AliasName="MONTHLY_INCOME"
    Expression="MONTHLY_INCOME"
    SQLType="NUMERIC">
    <DesignTime>
      <Attr Name="_DisplaySize" Value="19"/>
    </DesignTime>
  </ViewAttribute>
  <ViewAttribute
    Name="City"
    IsPersistent="false"
    IsNotNull="true"
    PrecisionRule="true"
    Precision="100"
    Type="java.lang.String"
    ColumnType="VARCHAR2"
    AliasName="CITY"
    Expression="CITY"
    SQLType="VARCHAR">
    <DesignTime>
      <Attr Name="_DisplaySize" Value="100"/>
    </DesignTime>
  </ViewAttribute>
  <ViewAttribute
    Name="GrossTurnover"
    IsPersistent="false"
    PrecisionRule="true"
    Precision="18"
    Scale="0"
    Type="oracle.jbo.domain.Number"
    ColumnType="NUMBER"
    AliasName="GROSS_TURNOVER"
    Expression="GROSS_TURNOVER"
    SQLType="NUMERIC">
    <DesignTime>
      <Attr Name="_DisplaySize" Value="19"/>
    </DesignTime>
  </ViewAttribute>
  <ViewAttribute
    Name="ProfessionType"
    IsPersistent="false"
    IsNotNull="true"
    PrecisionRule="true"
    Precision="60"
    Type="java.lang.String"
    ColumnType="VARCHAR2"
    AliasName="PROFESSION_TYPE"
    Expression="PROFESSION_TYPE"
    SQLType="VARCHAR">
    <DesignTime>
      <Attr Name="_DisplaySize" Value="60"/>
    </DesignTime>
  </ViewAttribute>
  <ViewAttribute
    Name="PositionYears"
    IsPersistent="false"
    PrecisionRule="true"
    Precision="18"
    Scale="0"
    Type="oracle.jbo.domain.Number"
    ColumnType="NUMBER"
    AliasName="POSITION_YEARS"
    Expression="POSITION_YEARS"
    SQLType="NUMERIC">
    <DesignTime>
      <Attr Name="_DisplaySize" Value="19"/>
    </DesignTime>
  </ViewAttribute>
  <ViewAttribute
    Name="Iscollataral"
    IsPersistent="false"
    PrecisionRule="true"
    Precision="1"
    Type="java.lang.String"
    ColumnType="CHAR"
    AliasName="ISCOLLATARAL"
    Expression="ISCOLLATARAL"
    SQLType="VARCHAR">
    <DesignTime>
      <Attr Name="_DisplaySize" Value="1"/>
    </DesignTime>
  </ViewAttribute>
  <ViewAttribute
    Name="CollataralType"
    IsPersistent="false"
    PrecisionRule="true"
    Precision="200"
    Type="java.lang.String"
    ColumnType="VARCHAR2"
    AliasName="COLLATARAL_TYPE"
    Expression="COLLATARAL_TYPE"
    SQLType="VARCHAR">
    <DesignTime>
      <Attr Name="_DisplaySize" Value="200"/>
    </DesignTime>
  </ViewAttribute>
  <ViewAttribute
    Name="LenderName"
    IsPersistent="false"
    PrecisionRule="true"
    Precision="200"
    Type="java.lang.String"
    ColumnType="VARCHAR2"
    AliasName="LENDER_NAME"
    Expression="LENDER_NAME"
    SQLType="VARCHAR">
    <DesignTime>
      <Attr Name="_DisplaySize" Value="200"/>
    </DesignTime>
  </ViewAttribute>
  <ViewAttribute
    Name="LenderType"
    IsPersistent="false"
    PrecisionRule="true"
    Precision="20"
    Type="java.lang.String"
    ColumnType="VARCHAR2"
    AliasName="LENDER_TYPE"
    Expression="LENDER_TYPE"
    SQLType="VARCHAR">
    <DesignTime>
      <Attr Name="_DisplaySize" Value="20"/>
    </DesignTime>
  </ViewAttribute>
  <ViewAttribute
    Name="Roi"
    IsPersistent="false"
    PrecisionRule="true"
    Precision="126"
    Scale="0"
    Type="oracle.jbo.domain.Number"
    ColumnType="FLOAT"
    AliasName="ROI"
    Expression="ROI"
    SQLType="NUMERIC">
    <DesignTime>
      <Attr Name="_DisplaySize" Value="39"/>
    </DesignTime>
  </ViewAttribute>
  <ViewAttribute
    Name="MinLoan"
    IsPersistent="false"
    PrecisionRule="true"
    Type="oracle.jbo.domain.Number"
    ColumnType="NUMBER"
    AliasName="MIN_LOAN"
    Expression="MIN_LOAN"
    SQLType="NUMERIC">
    <DesignTime>
      <Attr Name="_DisplaySize" Value="39"/>
    </DesignTime>
  </ViewAttribute>
  <ViewAttribute
    Name="MaxLoan"
    IsPersistent="false"
    PrecisionRule="true"
    Type="oracle.jbo.domain.Number"
    ColumnType="NUMBER"
    AliasName="MAX_LOAN"
    Expression="MAX_LOAN"
    SQLType="NUMERIC">
    <DesignTime>
      <Attr Name="_DisplaySize" Value="39"/>
    </DesignTime>
  </ViewAttribute>
  <ViewAttribute
    Name="ProcessingFee"
    IsPersistent="false"
    PrecisionRule="true"
    Type="oracle.jbo.domain.Number"
    ColumnType="NUMBER"
    AliasName="PROCESSING_FEE"
    Expression="PROCESSING_FEE"
    SQLType="NUMERIC">
    <DesignTime>
      <Attr Name="_DisplaySize" Value="39"/>
    </DesignTime>
  </ViewAttribute>
  <ViewAttribute
    Name="LenderId"
    IsPersistent="false"
    PrecisionRule="true"
    Precision="100"
    Type="java.lang.String"
    ColumnType="VARCHAR2"
    AliasName="LENDER_ID"
    Expression="LENDER_ID"
    SQLType="VARCHAR">
    <DesignTime>
      <Attr Name="_DisplaySize" Value="100"/>
    </DesignTime>
  </ViewAttribute>
  <ResourceBundle>
    <PropertiesBundle
      PropertiesFile="model.ModelBundle"/>
  </ResourceBundle>
</ViewObject>
