<?xml version="1.0" encoding="windows-1252" ?>
<adfc-config xmlns="http://xmlns.oracle.com/adf/controller" version="1.2">
  <task-flow-definition id="xxCashPlus_TF">
    <default-activity id="__1">xxFirstPage</default-activity>
    <managed-bean id="__15">
      <managed-bean-name id="__12">SearchPageBean</managed-bean-name>
      <managed-bean-class id="__14">view.BackingBeans.SearchPageBean</managed-bean-class>
      <managed-bean-scope id="__13">backingBean</managed-bean-scope>
    </managed-bean>
    <managed-bean id="__17">
      <managed-bean-name id="__19">LandingPageBean</managed-bean-name>
      <managed-bean-class id="__16">view.BackingBeans.LandingPageBean</managed-bean-class>
      <managed-bean-scope id="__18">backingBean</managed-bean-scope>
    </managed-bean>
    <managed-bean id="__35">
      <managed-bean-name id="__34">RegistrationPageBean</managed-bean-name>
      <managed-bean-class id="__33">view.BackingBeans.RegistrationPageBean</managed-bean-class>
      <managed-bean-scope id="__36">backingBean</managed-bean-scope>
    </managed-bean>
    <managed-bean id="__37">
      <managed-bean-name id="__38">LoginBean</managed-bean-name>
      <managed-bean-class id="__40">view.BackingBeans.LoginBean</managed-bean-class>
      <managed-bean-scope id="__39">backingBean</managed-bean-scope>
    </managed-bean>
    <view id="xxFirstPage">
      <page>/fragments/xxFirstPage.jsff</page>
    </view>
    <view id="xxLandPage-BeforeSignIn">
      <page>/fragments/xxLandPage-BeforeSignIn.jsff</page>
    </view>
    <view id="xxSearchPage">
      <page>/fragments/xxSearchPage.jsff</page>
    </view>
    <view id="LoginPage">
      <page>/fragments/LoginPage.jsff</page>
    </view>
    <view id="RegistrationPage">
      <page>/fragments/RegistrationPage.jsff</page>
    </view>
    <method-call id="CreateInsert">
      <method>#{bindings.CreateInsert.execute}</method>
      <outcome id="__41">
        <fixed-outcome>toRegistration</fixed-outcome>
      </outcome>
    </method-call>
    <view id="summaryPage">
      <page>/fragments/summaryPage.jsff</page>
    </view>
    <view id="OccupationDetailsPageFromLanding">
      <page>/fragments/OccupationDetailsPageFromLanding.jsff</page>
    </view>
    <control-flow-rule id="__2">
      <from-activity-id id="__3">xxFirstPage</from-activity-id>
      <control-flow-case id="__5">
        <from-outcome id="__6">borrower</from-outcome>
        <to-activity-id id="__4">xxLandPage-BeforeSignIn</to-activity-id>
      </control-flow-case>
    </control-flow-rule>
    <control-flow-rule id="__7">
      <from-activity-id id="__8">xxLandPage-BeforeSignIn</from-activity-id>
      <control-flow-case id="__10">
        <from-outcome id="__11">toSearch</from-outcome>
        <to-activity-id id="__9">xxSearchPage</to-activity-id>
      </control-flow-case>
      <control-flow-case id="__55">
        <from-outcome id="__57">toLogin</from-outcome>
        <to-activity-id id="__56">LoginPage</to-activity-id>
      </control-flow-case>
      <control-flow-case id="__67">
        <from-outcome id="__68">toOccupationDetails</from-outcome>
        <to-activity-id id="__66">OccupationDetailsPageFromLanding</to-activity-id>
      </control-flow-case>
    </control-flow-rule>
    <control-flow-rule id="__20">
      <from-activity-id id="__21">xxSearchPage</from-activity-id>
      <control-flow-case id="__23">
        <from-outcome id="__24">toLandingPage</from-outcome>
        <to-activity-id id="__22">xxLandPage-BeforeSignIn</to-activity-id>
      </control-flow-case>
      <control-flow-case id="__26">
        <from-outcome id="__27">toLoginPage</from-outcome>
        <to-activity-id id="__25">LoginPage</to-activity-id>
      </control-flow-case>
    </control-flow-rule>
    <control-flow-rule id="__28">
      <from-activity-id id="__29">LoginPage</from-activity-id>
      <control-flow-case id="__30">
        <from-outcome id="__32">toRegistration</from-outcome>
        <to-activity-id id="__31">CreateInsert</to-activity-id>
      </control-flow-case>
      <control-flow-case id="__53">
        <from-outcome id="__54">toLandingPage</from-outcome>
        <to-activity-id id="__52">xxLandPage-BeforeSignIn</to-activity-id>
      </control-flow-case>
    </control-flow-rule>
    <control-flow-rule id="__42">
      <from-activity-id id="__43">CreateInsert</from-activity-id>
      <control-flow-case id="__44">
        <from-outcome id="__46">toRegistration</from-outcome>
        <to-activity-id id="__45">RegistrationPage</to-activity-id>
      </control-flow-case>
    </control-flow-rule>
    <control-flow-rule id="__47">
      <from-activity-id id="__48">RegistrationPage</from-activity-id>
      <control-flow-case id="__50">
        <from-outcome id="__51">toLogin</from-outcome>
        <to-activity-id id="__49">LoginPage</to-activity-id>
      </control-flow-case>
    </control-flow-rule>
    <control-flow-rule id="__61">
      <from-activity-id id="__62">summaryPage</from-activity-id>
      <control-flow-case id="__77">
        <from-outcome id="__79">toOccupationDetails</from-outcome>
        <to-activity-id id="__78">OccupationDetailsPageFromLanding</to-activity-id>
      </control-flow-case>
      <control-flow-case id="__58">
        <from-outcome id="__60">toLandingPage</from-outcome>
        <to-activity-id id="__59">xxLandPage-BeforeSignIn</to-activity-id>
      </control-flow-case>
    </control-flow-rule>
    <control-flow-rule id="__69">
      <from-activity-id id="__70">OccupationDetailsPageFromLanding</from-activity-id>
      <control-flow-case id="__72">
        <from-outcome id="__73">toLandingPage</from-outcome>
        <to-activity-id id="__71">xxLandPage-BeforeSignIn</to-activity-id>
      </control-flow-case>
      <control-flow-case id="__75">
        <from-outcome id="__76">toSummaryPage</from-outcome>
        <to-activity-id id="__74">summaryPage</to-activity-id>
      </control-flow-case>
    </control-flow-rule>
    <use-page-fragments/>
  </task-flow-definition>
</adfc-config>
