<?xml version="1.0" encoding="UTF-8" ?>
<pageDefinition xmlns="http://xmlns.oracle.com/adfm/uimodel"
                version="11.1.1.64.93" id="LoginPagePageDef"
                Package="fragments">
  <parameters/>
  <executables>
    <variableIterator id="variables"/>
  </executables>
  <bindings>
    <methodAction id="getCacheData"
                  InstanceName="CashPlusAppModuleDataControl.dataProvider"
                  DataControl="CashPlusAppModuleDataControl"
                  RequiresUpdateModel="true" Action="invokeMethod"
                  MethodName="getCacheData" IsViewObjectMethod="false"/>
    <methodAction id="signInAction"
                  InstanceName="CashPlusAppModuleDataControl.dataProvider"
                  DataControl="CashPlusAppModuleDataControl"
                  RequiresUpdateModel="true" Action="invokeMethod"
                  MethodName="signInAction" IsViewObjectMethod="false"
                  ReturnName="data.CashPlusAppModuleDataControl.methodResults.signInAction_CashPlusAppModuleDataControl_dataProvider_signInAction_result">
      <NamedData NDName="emailId" NDType="java.lang.String"/>
      <NamedData NDName="password" NDType="java.lang.String"/>
    </methodAction>
  </bindings>
</pageDefinition>
