<?xml version="1.0" encoding="UTF-8" ?>
<pageDefinition xmlns="http://xmlns.oracle.com/adfm/uimodel"
                version="11.1.1.64.93" id="xxLandPage_BeforeSignInPageDef"
                Package="fragments">
  <parameters/>
  <executables>
    <variableIterator id="variables"/>
    <iterator id="SearchLenderTransVO1Iterator" Binds="SearchLenderTransVO1"
              DataControl="CashPlusAppModuleDataControl" RangeSize="25"/>
    <iterator id="LenderLoanDetailsVO1Iterator" Binds="LenderLoanDetailsVO1"
              DataControl="CashPlusAppModuleDataControl" RangeSize="25"/>
    <iterator Binds="SavedSearchDataVO1" RangeSize="25"
              DataControl="CashPlusAppModuleDataControl"
              id="SavedSearchDataVO1Iterator"/>
    <iterator Binds="OccupationTransVO1" RangeSize="25"
              DataControl="CashPlusAppModuleDataControl"
              id="OccupationTransVO1Iterator"/>
  </executables>
  <bindings>
    <attributeValues IterBinding="SavedSearchDataVO1Iterator"
                     id="EmploymentType">
      <AttrNames>
        <Item Value="EmploymentType"/>
      </AttrNames>
    </attributeValues>
    <attributeValues IterBinding="SavedSearchDataVO1Iterator" id="LoanType">
      <AttrNames>
        <Item Value="LoanType"/>
      </AttrNames>
    </attributeValues>
    <attributeValues IterBinding="SavedSearchDataVO1Iterator" id="LoanAmount">
      <AttrNames>
        <Item Value="LoanAmount"/>
      </AttrNames>
    </attributeValues>
    <attributeValues IterBinding="SavedSearchDataVO1Iterator" id="Tenure">
      <AttrNames>
        <Item Value="Tenure"/>
      </AttrNames>
    </attributeValues>
    <attributeValues IterBinding="SavedSearchDataVO1Iterator"
                     id="MonthlyIncome">
      <AttrNames>
        <Item Value="MonthlyIncome"/>
      </AttrNames>
    </attributeValues>
    <attributeValues IterBinding="SavedSearchDataVO1Iterator" id="City">
      <AttrNames>
        <Item Value="City"/>
      </AttrNames>
    </attributeValues>
    <attributeValues IterBinding="SavedSearchDataVO1Iterator" id="Iscollataral">
      <AttrNames>
        <Item Value="Iscollataral"/>
      </AttrNames>
    </attributeValues>
    <attributeValues IterBinding="SavedSearchDataVO1Iterator"
                     id="CollataralType">
      <AttrNames>
        <Item Value="CollataralType"/>
      </AttrNames>
    </attributeValues>
    <attributeValues IterBinding="SavedSearchDataVO1Iterator" id="LenderName">
      <AttrNames>
        <Item Value="LenderName"/>
      </AttrNames>
    </attributeValues>
    <attributeValues IterBinding="SavedSearchDataVO1Iterator" id="LenderType">
      <AttrNames>
        <Item Value="LenderType"/>
      </AttrNames>
    </attributeValues>
    <attributeValues IterBinding="SavedSearchDataVO1Iterator" id="Roi">
      <AttrNames>
        <Item Value="Roi"/>
      </AttrNames>
    </attributeValues>
    <attributeValues IterBinding="SavedSearchDataVO1Iterator" id="MinLoan">
      <AttrNames>
        <Item Value="MinLoan"/>
      </AttrNames>
    </attributeValues>
    <attributeValues IterBinding="SavedSearchDataVO1Iterator" id="MaxLoan">
      <AttrNames>
        <Item Value="MaxLoan"/>
      </AttrNames>
    </attributeValues>
    <attributeValues IterBinding="SavedSearchDataVO1Iterator"
                     id="ProfessionType">
      <AttrNames>
        <Item Value="ProfessionType"/>
      </AttrNames>
    </attributeValues>
    <attributeValues IterBinding="SavedSearchDataVO1Iterator"
                     id="PositionYears">
      <AttrNames>
        <Item Value="PositionYears"/>
      </AttrNames>
    </attributeValues>
    <attributeValues IterBinding="OccupationTransVO1Iterator" id="EmployerName">
      <AttrNames>
        <Item Value="EmployerName"/>
      </AttrNames>
    </attributeValues>
    <attributeValues IterBinding="OccupationTransVO1Iterator" id="PAN">
      <AttrNames>
        <Item Value="PAN"/>
      </AttrNames>
    </attributeValues>
    <attributeValues IterBinding="OccupationTransVO1Iterator"
                     id="OfficeAddress1">
      <AttrNames>
        <Item Value="OfficeAddress1"/>
      </AttrNames>
    </attributeValues>
    <attributeValues IterBinding="OccupationTransVO1Iterator"
                     id="OfficeAddress2">
      <AttrNames>
        <Item Value="OfficeAddress2"/>
      </AttrNames>
    </attributeValues>
    <attributeValues IterBinding="OccupationTransVO1Iterator" id="OFFICE_CITY">
      <AttrNames>
        <Item Value="OFFICE_CITY"/>
      </AttrNames>
    </attributeValues>
    <attributeValues IterBinding="OccupationTransVO1Iterator" id="PIN">
      <AttrNames>
        <Item Value="PIN"/>
      </AttrNames>
    </attributeValues>
    <attributeValues IterBinding="OccupationTransVO1Iterator" id="GST">
      <AttrNames>
        <Item Value="GST"/>
      </AttrNames>
    </attributeValues>
    <listOfValues StaticList="false" IterBinding="OccupationTransVO1Iterator"
                  Uses="LOV_OFFICE_COUNTRY" id="OFFICE_COUNTRY"/>
    <listOfValues StaticList="false" IterBinding="OccupationTransVO1Iterator"
                  Uses="LOV_Industry" id="Industry"/>
    <methodAction id="proceedActionOccupationDetailsLandingPage"
                  InstanceName="CashPlusAppModuleDataControl.dataProvider"
                  DataControl="CashPlusAppModuleDataControl"
                  RequiresUpdateModel="true" Action="invokeMethod"
                  MethodName="proceedActionOccupationDetailsLandingPage"
                  IsViewObjectMethod="false"/>
  </bindings>
</pageDefinition>
