<?xml version="1.0" encoding="UTF-8" ?>
<pageDefinition xmlns="http://xmlns.oracle.com/adfm/uimodel"
                version="11.1.1.64.93" id="RegistrationPagePageDef"
                Package="fragments">
  <parameters/>
  <executables>
    <variableIterator id="variables"/>
    <iterator Binds="RegistrationTransVO1" RangeSize="25"
              DataControl="CashPlusAppModuleDataControl"
              id="RegistrationTransVO1Iterator"/>
  </executables>
  <bindings>
    <attributeValues IterBinding="RegistrationTransVO1Iterator" id="FullName">
      <AttrNames>
        <Item Value="FullName"/>
      </AttrNames>
    </attributeValues>
    <attributeValues IterBinding="RegistrationTransVO1Iterator" id="MobileNo">
      <AttrNames>
        <Item Value="MobileNo"/>
      </AttrNames>
    </attributeValues>
    <attributeValues IterBinding="RegistrationTransVO1Iterator" id="EmailId">
      <AttrNames>
        <Item Value="EmailId"/>
      </AttrNames>
    </attributeValues>
    <attributeValues IterBinding="RegistrationTransVO1Iterator" id="Address">
      <AttrNames>
        <Item Value="Address"/>
      </AttrNames>
    </attributeValues>
    <attributeValues IterBinding="RegistrationTransVO1Iterator" id="City">
      <AttrNames>
        <Item Value="City"/>
      </AttrNames>
    </attributeValues>
    <attributeValues IterBinding="RegistrationTransVO1Iterator" id="Country">
      <AttrNames>
        <Item Value="Country"/>
      </AttrNames>
    </attributeValues>
    <attributeValues IterBinding="RegistrationTransVO1Iterator" id="DOB">
      <AttrNames>
        <Item Value="DOB"/>
      </AttrNames>
    </attributeValues>
    <attributeValues IterBinding="RegistrationTransVO1Iterator" id="Gender">
      <AttrNames>
        <Item Value="Gender"/>
      </AttrNames>
    </attributeValues>
    <attributeValues IterBinding="RegistrationTransVO1Iterator"
                     id="PassportNumber">
      <AttrNames>
        <Item Value="PassportNumber"/>
      </AttrNames>
    </attributeValues>
    <attributeValues IterBinding="RegistrationTransVO1Iterator"
                     id="TaxIdentificationNumber">
      <AttrNames>
        <Item Value="TaxIdentificationNumber"/>
      </AttrNames>
    </attributeValues>
    <attributeValues IterBinding="RegistrationTransVO1Iterator"
                     id="SocialSecurityNumber">
      <AttrNames>
        <Item Value="SocialSecurityNumber"/>
      </AttrNames>
    </attributeValues>
    <attributeValues IterBinding="RegistrationTransVO1Iterator"
                     id="SetPassword">
      <AttrNames>
        <Item Value="SetPassword"/>
      </AttrNames>
    </attributeValues>
    <attributeValues IterBinding="RegistrationTransVO1Iterator"
                     id="ConfirmPassword">
      <AttrNames>
        <Item Value="ConfirmPassword"/>
      </AttrNames>
    </attributeValues>
    <list IterBinding="RegistrationTransVO1Iterator" StaticList="false"
          Uses="LOV_EmploymentType" id="EmploymentType1" DTSupportsMRU="true"/>
    <methodAction id="registrationProcess"
                  InstanceName="CashPlusAppModuleDataControl.dataProvider"
                  DataControl="CashPlusAppModuleDataControl"
                  RequiresUpdateModel="true" Action="invokeMethod"
                  MethodName="registrationProcess" IsViewObjectMethod="false"
                  ReturnName="data.CashPlusAppModuleDataControl.methodResults.registrationProcess_CashPlusAppModuleDataControl_dataProvider_registrationProcess_result"/>
  </bindings>
</pageDefinition>
