<?xml version="1.0" encoding="UTF-8" ?>
<pageDefinition xmlns="http://xmlns.oracle.com/adfm/uimodel"
                version="11.1.1.64.93" id="summaryPagePageDef"
                Package="fragments">
  <parameters/>
  <executables>
    <variableIterator id="variables"/>
    <iterator Binds="LoanRequestEOVO1" RangeSize="25"
              DataControl="CashPlusAppModuleDataControl"
              id="LoanRequestEOVO1Iterator"/>
  </executables>
  <bindings>
    <attributeValues IterBinding="LoanRequestEOVO1Iterator" id="LoanType">
      <AttrNames>
        <Item Value="LoanType"/>
      </AttrNames>
    </attributeValues>
    <attributeValues IterBinding="LoanRequestEOVO1Iterator" id="LoanAmount">
      <AttrNames>
        <Item Value="LoanAmount"/>
      </AttrNames>
    </attributeValues>
    <attributeValues IterBinding="LoanRequestEOVO1Iterator" id="Tenure">
      <AttrNames>
        <Item Value="Tenure"/>
      </AttrNames>
    </attributeValues>
    <attributeValues IterBinding="LoanRequestEOVO1Iterator" id="EmploymentType">
      <AttrNames>
        <Item Value="EmploymentType"/>
      </AttrNames>
    </attributeValues>
    <attributeValues IterBinding="LoanRequestEOVO1Iterator" id="MonthlyIncome">
      <AttrNames>
        <Item Value="MonthlyIncome"/>
      </AttrNames>
    </attributeValues>
    <attributeValues IterBinding="LoanRequestEOVO1Iterator" id="GrossTurnOver">
      <AttrNames>
        <Item Value="GrossTurnOver"/>
      </AttrNames>
    </attributeValues>
    <attributeValues IterBinding="LoanRequestEOVO1Iterator" id="ProfessionType">
      <AttrNames>
        <Item Value="ProfessionType"/>
      </AttrNames>
    </attributeValues>
    <attributeValues IterBinding="LoanRequestEOVO1Iterator"
                     id="YearOfExperience">
      <AttrNames>
        <Item Value="YearOfExperience"/>
      </AttrNames>
    </attributeValues>
    <attributeValues IterBinding="LoanRequestEOVO1Iterator" id="LenderName">
      <AttrNames>
        <Item Value="LenderName"/>
      </AttrNames>
    </attributeValues>
    <attributeValues IterBinding="LoanRequestEOVO1Iterator" id="EmployerName">
      <AttrNames>
        <Item Value="EmployerName"/>
      </AttrNames>
    </attributeValues>
    <attributeValues IterBinding="LoanRequestEOVO1Iterator" id="OfficeAddress1">
      <AttrNames>
        <Item Value="OfficeAddress1"/>
      </AttrNames>
    </attributeValues>
    <attributeValues IterBinding="LoanRequestEOVO1Iterator" id="OfficeAddress2">
      <AttrNames>
        <Item Value="OfficeAddress2"/>
      </AttrNames>
    </attributeValues>
    <attributeValues IterBinding="LoanRequestEOVO1Iterator" id="PinCode">
      <AttrNames>
        <Item Value="PinCode"/>
      </AttrNames>
    </attributeValues>
    <attributeValues IterBinding="LoanRequestEOVO1Iterator" id="Gst">
      <AttrNames>
        <Item Value="Gst"/>
      </AttrNames>
    </attributeValues>
    <attributeValues IterBinding="LoanRequestEOVO1Iterator" id="Tin">
      <AttrNames>
        <Item Value="Tin"/>
      </AttrNames>
    </attributeValues>
    <attributeValues IterBinding="LoanRequestEOVO1Iterator" id="Pan">
      <AttrNames>
        <Item Value="Pan"/>
      </AttrNames>
    </attributeValues>
    <listOfValues StaticList="false" Uses="LOV_Country"
                  IterBinding="LoanRequestEOVO1Iterator" id="Country"/>
    <listOfValues StaticList="false" Uses="LOV_EmploymentIndustry"
                  IterBinding="LoanRequestEOVO1Iterator"
                  id="EmploymentIndustry"/>
    <action IterBinding="LoanRequestEOVO1Iterator" id="CreateInsert"
            RequiresUpdateModel="true" Action="createInsertRow"/>
    <attributeValues IterBinding="LoanRequestEOVO1Iterator"
                     id="CityOfResidence">
      <AttrNames>
        <Item Value="CityOfResidence"/>
      </AttrNames>
    </attributeValues>
    <attributeValues IterBinding="LoanRequestEOVO1Iterator" id="CityOfWork">
      <AttrNames>
        <Item Value="CityOfWork"/>
      </AttrNames>
    </attributeValues>
    <methodAction id="submit"
                  InstanceName="CashPlusAppModuleDataControl.dataProvider"
                  DataControl="CashPlusAppModuleDataControl"
                  RequiresUpdateModel="true" Action="invokeMethod"
                  MethodName="submit" IsViewObjectMethod="false"
                  ReturnName="data.CashPlusAppModuleDataControl.methodResults.submit_CashPlusAppModuleDataControl_dataProvider_submit_result"/>
  </bindings>
</pageDefinition>
