<?xml version="1.0" encoding="UTF-8" ?>
<pageDefinition xmlns="http://xmlns.oracle.com/adfm/uimodel"
                version="11.1.1.64.93" id="xxSearchPagePageDef"
                Package="fragments">
  <parameters/>
  <executables>
    <variableIterator id="variables"/>
    <iterator Binds="SearchLenderTransVO1" RangeSize="25"
              DataControl="CashPlusAppModuleDataControl"
              id="SearchLenderTransVO1Iterator"/>
    <iterator Binds="LenderLoanDetailsVO1" RangeSize="25"
              DataControl="CashPlusAppModuleDataControl"
              id="LenderLoanDetailsVO1Iterator"/>
    <searchRegion Binds="LenderLoanDetailsVO1Iterator" Criteria=""
                  Customizer="oracle.jbo.uicli.binding.JUSearchBindingCustomizer"
                  id="LenderLoanDetailsVO1Query"/>
  </executables>
  <bindings>
    <attributeValues IterBinding="SearchLenderTransVO1Iterator"
                     id="SelectedLoanType">
      <AttrNames>
        <Item Value="SelectedLoanType"/>
      </AttrNames>
    </attributeValues>
    <attributeValues IterBinding="SearchLenderTransVO1Iterator"
                     id="GrossTurnOver">
      <AttrNames>
        <Item Value="GrossTurnOver"/>
      </AttrNames>
    </attributeValues>
    <attributeValues IterBinding="SearchLenderTransVO1Iterator" id="LoanAmount">
      <AttrNames>
        <Item Value="LoanAmount"/>
      </AttrNames>
    </attributeValues>
    <attributeValues IterBinding="SearchLenderTransVO1Iterator"
                     id="MonthlyIncome">
      <AttrNames>
        <Item Value="MonthlyIncome"/>
      </AttrNames>
    </attributeValues>
    <attributeValues IterBinding="SearchLenderTransVO1Iterator" id="Tenure">
      <AttrNames>
        <Item Value="Tenure"/>
      </AttrNames>
    </attributeValues>
    <attributeValues IterBinding="SearchLenderTransVO1Iterator"
                     id="CityResidence">
      <AttrNames>
        <Item Value="CityResidence"/>
      </AttrNames>
    </attributeValues>
    <attributeValues IterBinding="SearchLenderTransVO1Iterator"
                     id="YearsInProfession">
      <AttrNames>
        <Item Value="YearsInProfession"/>
      </AttrNames>
    </attributeValues>
    <list IterBinding="SearchLenderTransVO1Iterator" StaticList="false"
          Uses="LOV_EmploymentType" id="EmploymentType" DTSupportsMRU="true"/>
    <list IterBinding="SearchLenderTransVO1Iterator" StaticList="false"
          Uses="LOV_ProfessionType" id="ProfessionType1" DTSupportsMRU="true"/>
    <tree IterBinding="LenderLoanDetailsVO1Iterator" id="LenderLoanDetailsVO1">
      <nodeDefinition DefName="model.VO.LenderLoanDetailsVO"
                      Name="LenderLoanDetailsVO10">
        <AttrNames>
          <Item Value="FullName"/>
          <Item Value="LenderType"/>
          <Item Value="ProcessingFee"/>
          <Item Value="MinLoan"/>
          <Item Value="MaxLoan"/>
        </AttrNames>
      </nodeDefinition>
    </tree>
    <methodAction id="searchLenders"
                  InstanceName="CashPlusAppModuleDataControl.dataProvider"
                  DataControl="CashPlusAppModuleDataControl"
                  RequiresUpdateModel="true" Action="invokeMethod"
                  MethodName="searchLenders" IsViewObjectMethod="false"/>
    <methodAction id="resetAction"
                  InstanceName="CashPlusAppModuleDataControl.dataProvider"
                  DataControl="CashPlusAppModuleDataControl"
                  RequiresUpdateModel="true" Action="invokeMethod"
                  MethodName="resetAction" IsViewObjectMethod="false"/>
    <methodAction id="setSearchedDataInCache"
                  InstanceName="CashPlusAppModuleDataControl.dataProvider"
                  DataControl="CashPlusAppModuleDataControl"
                  RequiresUpdateModel="true" Action="invokeMethod"
                  MethodName="setSearchedDataInCache"
                  IsViewObjectMethod="false"/>
    <methodAction id="getCacheData"
                  InstanceName="CashPlusAppModuleDataControl.dataProvider"
                  DataControl="CashPlusAppModuleDataControl"
                  RequiresUpdateModel="true" Action="invokeMethod"
                  MethodName="getCacheData" IsViewObjectMethod="false"/>
  </bindings>
</pageDefinition>
