<?xml version="1.0" encoding="windows-1252" ?>
<!DOCTYPE Entity SYSTEM "jbo_03_01.dtd">
<!---->
<Entity
  xmlns="http://xmlns.oracle.com/bc4j"
  Name="BorrowerProfileEO"
  Version="11.1.1.64.93"
  InheritPersonalization="true"
  DBObjectType="table"
  DBObjectName="BORROWER_PROFILE"
  AliasName="BorrowerProfileEO"
  BindingStyle="OracleName"
  UseGlueCode="false">
  <DesignTime>
    <Attr Name="_codeGenFlag2" Value="Access"/>
    <AttrArray Name="_publishEvents"/>
  </DesignTime>
  <Attribute
    Name="BUserId"
    IsNotNull="true"
    Precision="200"
    ColumnName="B_USER_ID"
    SQLType="VARCHAR"
    Type="java.lang.String"
    ColumnType="VARCHAR2"
    TableName="BORROWER_PROFILE"
    PrimaryKey="true">
    <DesignTime>
      <Attr Name="_DisplaySize" Value="200"/>
    </DesignTime>
  </Attribute>
  <Attribute
    Name="FullName"
    Precision="100"
    ColumnName="FULL_NAME"
    SQLType="VARCHAR"
    Type="java.lang.String"
    ColumnType="VARCHAR2"
    TableName="BORROWER_PROFILE">
    <DesignTime>
      <Attr Name="_DisplaySize" Value="100"/>
    </DesignTime>
  </Attribute>
  <Attribute
    Name="Dob"
    ColumnName="DOB"
    SQLType="TIMESTAMP"
    Type="oracle.jbo.domain.Date"
    ColumnType="DATE"
    TableName="BORROWER_PROFILE">
    <DesignTime>
      <Attr Name="_DisplaySize" Value="7"/>
    </DesignTime>
  </Attribute>
  <Attribute
    Name="Gender"
    Precision="20"
    ColumnName="GENDER"
    SQLType="CHAR"
    Type="java.lang.String"
    ColumnType="CHAR"
    TableName="BORROWER_PROFILE"
    RetrievedOnUpdate="true"
    RetrievedOnInsert="true">
    <DesignTime>
      <Attr Name="_DisplaySize" Value="1"/>
    </DesignTime>
  </Attribute>
  <Attribute
    Name="EmployementType"
    Precision="150"
    ColumnName="EMPLOYEMENT_TYPE"
    SQLType="VARCHAR"
    Type="java.lang.String"
    ColumnType="VARCHAR2"
    TableName="BORROWER_PROFILE">
    <DesignTime>
      <Attr Name="_DisplaySize" Value="150"/>
    </DesignTime>
  </Attribute>
  <Attribute
    Name="Address"
    Precision="2000"
    ColumnName="ADDRESS"
    SQLType="VARCHAR"
    Type="java.lang.String"
    ColumnType="VARCHAR2"
    TableName="BORROWER_PROFILE">
    <DesignTime>
      <Attr Name="_DisplaySize" Value="2000"/>
    </DesignTime>
  </Attribute>
  <Attribute
    Name="City"
    Precision="100"
    ColumnName="CITY"
    SQLType="VARCHAR"
    Type="java.lang.String"
    ColumnType="VARCHAR2"
    TableName="BORROWER_PROFILE">
    <DesignTime>
      <Attr Name="_DisplaySize" Value="100"/>
    </DesignTime>
  </Attribute>
  <Attribute
    Name="Zipcode"
    Precision="18"
    Scale="0"
    ColumnName="ZIPCODE"
    SQLType="NUMERIC"
    Type="oracle.jbo.domain.Number"
    ColumnType="NUMBER"
    TableName="BORROWER_PROFILE">
    <DesignTime>
      <Attr Name="_DisplaySize" Value="19"/>
    </DesignTime>
  </Attribute>
  <Attribute
    Name="Country"
    Precision="100"
    ColumnName="COUNTRY"
    SQLType="VARCHAR"
    Type="java.lang.String"
    ColumnType="VARCHAR2"
    TableName="BORROWER_PROFILE">
    <DesignTime>
      <Attr Name="_DisplaySize" Value="100"/>
    </DesignTime>
  </Attribute>
  <Attribute
    Name="Ssn"
    Precision="30"
    ColumnName="SSN"
    SQLType="VARCHAR"
    Type="java.lang.String"
    ColumnType="VARCHAR2"
    TableName="BORROWER_PROFILE">
    <DesignTime>
      <Attr Name="_DisplaySize" Value="30"/>
    </DesignTime>
  </Attribute>
  <Attribute
    Name="PassportId"
    IsQueriable="false"
    ColumnName="PASSPORT_ID"
    SQLType="BLOB"
    Type="oracle.jbo.domain.BlobDomain"
    ColumnType="BLOB"
    TableName="BORROWER_PROFILE"/>
  <Attribute
    Name="Tin"
    Precision="15"
    ColumnName="TIN"
    SQLType="VARCHAR"
    Type="java.lang.String"
    ColumnType="VARCHAR2"
    TableName="BORROWER_PROFILE">
    <DesignTime>
      <Attr Name="_DisplaySize" Value="15"/>
    </DesignTime>
  </Attribute>
  <Attribute
    Name="PassportNumber"
    Precision="200"
    ColumnName="PASSPORT_NUMBER"
    SQLType="VARCHAR"
    Type="java.lang.String"
    ColumnType="VARCHAR2"
    TableName="BORROWER_PROFILE">
    <DesignTime>
      <Attr Name="_DisplaySize" Value="200"/>
    </DesignTime>
  </Attribute>
  <Attribute
    Name="EmailId"
    Precision="200"
    ColumnName="EMAIL_ID"
    SQLType="VARCHAR"
    Type="java.lang.String"
    ColumnType="VARCHAR2"
    TableName="BORROWER_PROFILE">
    <DesignTime>
      <Attr Name="_DisplaySize" Value="200"/>
    </DesignTime>
  </Attribute>
  <Key
    Name="PkBorrowerProfile"
    PrimaryKey="true">
    <DesignTime>
      <Attr Name="_DBObjectName" Value="PK_BORROWER_PROFILE"/>
    </DesignTime>
    <AttrArray Name="Attributes">
      <Item Value="model.EO.BorrowerProfileEO.BUserId"/>
    </AttrArray>
  </Key>
  <Key
    Name="SysC007325">
    <DesignTime>
      <Attr Name="_DBObjectName" Value="SYS_C007325"/>
      <Attr Name="_checkCondition" Value='"B_USER_ID" IS NOT NULL'/>
      <Attr Name="_isCheck" Value="true"/>
    </DesignTime>
    <AttrArray Name="Attributes">
      <Item Value="model.EO.BorrowerProfileEO.BUserId"/>
    </AttrArray>
  </Key>
</Entity>
