<?xml version="1.0" encoding="windows-1252" ?>
<!DOCTYPE ViewObject SYSTEM "jbo_03_01.dtd">
<!---->
<ViewObject
  xmlns="http://xmlns.oracle.com/bc4j"
  Name="LoanRequestEOVO"
  Version="11.1.1.64.93"
  InheritPersonalization="true"
  SelectList="LoanRequestEO.REQUEST_ID, 
       LoanRequestEO.BORROWER_ID, 
       LoanRequestEO.LOAN_TYPE, 
       LoanRequestEO.LOAN_AMOUNT, 
       LoanRequestEO.TENURE, 
       LoanRequestEO.EMPLOYMENT_TYPE, 
       LoanRequestEO.MONTHLY_INCOME, 
       LoanRequestEO.GROSS_TURN_OVER, 
       LoanRequestEO.PROFESSION_TYPE, 
       LoanRequestEO.YEAR_OF_EXPERIENCE, 
       LoanRequestEO.LENDER_ID, 
       LoanRequestEO.LENDER_NAME, 
       LoanRequestEO.EMPLOYER_NAME, 
       LoanRequestEO.EMPLOYMENT_INDUSTRY, 
       LoanRequestEO.OFFICE_ADDRESS1, 
       LoanRequestEO.OFFICE_ADDRESS2, 
       LoanRequestEO.COUNTRY, 
       LoanRequestEO.PIN_CODE, 
       LoanRequestEO.GST, 
       LoanRequestEO.TIN, 
       LoanRequestEO.PAN, 
       LoanRequestEO.CITY_OF_RESIDENCE, 
       LoanRequestEO.CITY_OF_WORK, 
       LoanRequestEO.ROI, 
       LoanRequestEO.PROCESSING_FEE, 
       LoanRequestEO.STATUS"
  FromList="LOAN_REQUEST LoanRequestEO"
  BindingStyle="OracleName"
  CustomQuery="false"
  PageIterMode="Full"
  UseGlueCode="false">
  <DesignTime>
    <Attr Name="_codeGenFlag2" Value="Access|VarAccess"/>
  </DesignTime>
  <ViewAccessor
    Name="CountriesVO1"
    ViewObjectName="model.VO.CountriesVO"
    RowLevelBinds="true"/>
  <ViewAccessor
    Name="IndustriesVO1"
    ViewObjectName="model.VO.IndustriesVO"
    RowLevelBinds="true"/>
  <ListBinding
    Name="LOV_Country"
    ListVOName="CountriesVO1"
    ListRangeSize="10"
    NullValueFlag="none"
    NullValueId="LOV_Country_LOVUIHints_NullValueId"
    MRUCount="0">
    <AttrArray Name="AttrNames">
      <Item Value="Country"/>
    </AttrArray>
    <AttrArray Name="ListAttrNames">
      <Item Value="CountryName"/>
    </AttrArray>
    <AttrArray Name="ListDisplayAttrNames">
      <Item Value="CountryName"/>
    </AttrArray>
    <DisplayCriteria/>
  </ListBinding>
  <ListBinding
    Name="LOV_EmploymentIndustry"
    ListVOName="IndustriesVO1"
    ListRangeSize="10"
    NullValueFlag="none"
    NullValueId="LOV_EmploymentIndustry_LOVUIHints_NullValueId"
    MRUCount="0">
    <AttrArray Name="AttrNames">
      <Item Value="EmploymentIndustry"/>
    </AttrArray>
    <AttrArray Name="ListAttrNames">
      <Item Value="IndustryName"/>
    </AttrArray>
    <AttrArray Name="ListDisplayAttrNames">
      <Item Value="IndustryName"/>
    </AttrArray>
    <DisplayCriteria/>
  </ListBinding>
  <EntityUsage
    Name="LoanRequestEO"
    Entity="model.EO.LoanRequestEO"/>
  <ViewAttribute
    Name="RequestId"
    IsNotNull="true"
    PrecisionRule="true"
    EntityAttrName="RequestId"
    EntityUsage="LoanRequestEO"
    AliasName="REQUEST_ID"/>
  <ViewAttribute
    Name="BorrowerId"
    IsNotNull="true"
    PrecisionRule="true"
    EntityAttrName="BorrowerId"
    EntityUsage="LoanRequestEO"
    AliasName="BORROWER_ID"/>
  <ViewAttribute
    Name="LoanType"
    PrecisionRule="true"
    EntityAttrName="LoanType"
    EntityUsage="LoanRequestEO"
    AliasName="LOAN_TYPE"/>
  <ViewAttribute
    Name="LoanAmount"
    PrecisionRule="true"
    EntityAttrName="LoanAmount"
    EntityUsage="LoanRequestEO"
    AliasName="LOAN_AMOUNT"/>
  <ViewAttribute
    Name="Tenure"
    PrecisionRule="true"
    EntityAttrName="Tenure"
    EntityUsage="LoanRequestEO"
    AliasName="TENURE"/>
  <ViewAttribute
    Name="EmploymentType"
    PrecisionRule="true"
    EntityAttrName="EmploymentType"
    EntityUsage="LoanRequestEO"
    AliasName="EMPLOYMENT_TYPE"/>
  <ViewAttribute
    Name="MonthlyIncome"
    PrecisionRule="true"
    EntityAttrName="MonthlyIncome"
    EntityUsage="LoanRequestEO"
    AliasName="MONTHLY_INCOME"/>
  <ViewAttribute
    Name="GrossTurnOver"
    PrecisionRule="true"
    EntityAttrName="GrossTurnOver"
    EntityUsage="LoanRequestEO"
    AliasName="GROSS_TURN_OVER"/>
  <ViewAttribute
    Name="ProfessionType"
    PrecisionRule="true"
    EntityAttrName="ProfessionType"
    EntityUsage="LoanRequestEO"
    AliasName="PROFESSION_TYPE"/>
  <ViewAttribute
    Name="YearOfExperience"
    PrecisionRule="true"
    EntityAttrName="YearOfExperience"
    EntityUsage="LoanRequestEO"
    AliasName="YEAR_OF_EXPERIENCE"/>
  <ViewAttribute
    Name="LenderId"
    PrecisionRule="true"
    EntityAttrName="LenderId"
    EntityUsage="LoanRequestEO"
    AliasName="LENDER_ID"/>
  <ViewAttribute
    Name="LenderName"
    PrecisionRule="true"
    EntityAttrName="LenderName"
    EntityUsage="LoanRequestEO"
    AliasName="LENDER_NAME"/>
  <ViewAttribute
    Name="EmployerName"
    PrecisionRule="true"
    EntityAttrName="EmployerName"
    EntityUsage="LoanRequestEO"
    AliasName="EMPLOYER_NAME"/>
  <ViewAttribute
    Name="EmploymentIndustry"
    PrecisionRule="true"
    EntityAttrName="EmploymentIndustry"
    EntityUsage="LoanRequestEO"
    AliasName="EMPLOYMENT_INDUSTRY"
    LOVName="LOV_EmploymentIndustry">
    <Properties>
      <SchemaBasedProperties>
        <CONTROLTYPE
          Value="input_text_lov"/>
      </SchemaBasedProperties>
    </Properties>
  </ViewAttribute>
  <ViewAttribute
    Name="OfficeAddress1"
    PrecisionRule="true"
    EntityAttrName="OfficeAddress1"
    EntityUsage="LoanRequestEO"
    AliasName="OFFICE_ADDRESS1"/>
  <ViewAttribute
    Name="OfficeAddress2"
    PrecisionRule="true"
    EntityAttrName="OfficeAddress2"
    EntityUsage="LoanRequestEO"
    AliasName="OFFICE_ADDRESS2"/>
  <ViewAttribute
    Name="Country"
    PrecisionRule="true"
    EntityAttrName="Country"
    EntityUsage="LoanRequestEO"
    AliasName="COUNTRY"
    LOVName="LOV_Country">
    <Properties>
      <SchemaBasedProperties>
        <CONTROLTYPE
          Value="input_text_lov"/>
      </SchemaBasedProperties>
    </Properties>
  </ViewAttribute>
  <ViewAttribute
    Name="PinCode"
    PrecisionRule="true"
    EntityAttrName="PinCode"
    EntityUsage="LoanRequestEO"
    AliasName="PIN_CODE"/>
  <ViewAttribute
    Name="Gst"
    PrecisionRule="true"
    EntityAttrName="Gst"
    EntityUsage="LoanRequestEO"
    AliasName="GST"/>
  <ViewAttribute
    Name="Tin"
    PrecisionRule="true"
    EntityAttrName="Tin"
    EntityUsage="LoanRequestEO"
    AliasName="TIN"/>
  <ViewAttribute
    Name="Pan"
    PrecisionRule="true"
    EntityAttrName="Pan"
    EntityUsage="LoanRequestEO"
    AliasName="PAN"/>
  <ViewAttribute
    Name="CityOfResidence"
    PrecisionRule="true"
    EntityAttrName="CityOfResidence"
    EntityUsage="LoanRequestEO"
    AliasName="CITY_OF_RESIDENCE"/>
  <ViewAttribute
    Name="CityOfWork"
    PrecisionRule="true"
    EntityAttrName="CityOfWork"
    EntityUsage="LoanRequestEO"
    AliasName="CITY_OF_WORK"/>
  <ViewAttribute
    Name="Roi"
    PrecisionRule="true"
    EntityAttrName="Roi"
    EntityUsage="LoanRequestEO"
    AliasName="ROI"/>
  <ViewAttribute
    Name="ProcessingFee"
    PrecisionRule="true"
    EntityAttrName="ProcessingFee"
    EntityUsage="LoanRequestEO"
    AliasName="PROCESSING_FEE"/>
  <ViewAttribute
    Name="Status"
    PrecisionRule="true"
    EntityAttrName="Status"
    EntityUsage="LoanRequestEO"
    AliasName="STATUS"/>
</ViewObject>
