<?xml version="1.0" encoding="windows-1252" ?>
<!DOCTYPE Entity SYSTEM "jbo_03_01.dtd">
<!---->
<Entity
  xmlns="http://xmlns.oracle.com/bc4j"
  Name="SearchDataEO"
  Version="11.1.1.64.93"
  InheritPersonalization="true"
  DBObjectType="table"
  DBObjectName="SEARCH_DATA"
  AliasName="SearchDataEO"
  BindingStyle="OracleName"
  UseGlueCode="false">
  <DesignTime>
    <Attr Name="_codeGenFlag2" Value="Access"/>
    <AttrArray Name="_publishEvents"/>
  </DesignTime>
  <Attribute
    Name="EmploymentType"
    IsNotNull="true"
    Precision="100"
    ColumnName="EMPLOYMENT_TYPE"
    SQLType="VARCHAR"
    Type="java.lang.String"
    ColumnType="VARCHAR2"
    TableName="SEARCH_DATA">
    <DesignTime>
      <Attr Name="_DisplaySize" Value="100"/>
    </DesignTime>
  </Attribute>
  <Attribute
    Name="LoanType"
    IsNotNull="true"
    Precision="50"
    ColumnName="LOAN_TYPE"
    SQLType="VARCHAR"
    Type="java.lang.String"
    ColumnType="VARCHAR2"
    TableName="SEARCH_DATA">
    <DesignTime>
      <Attr Name="_DisplaySize" Value="50"/>
    </DesignTime>
  </Attribute>
  <Attribute
    Name="LoanAmount"
    IsNotNull="true"
    Precision="18"
    Scale="0"
    ColumnName="LOAN_AMOUNT"
    SQLType="NUMERIC"
    Type="oracle.jbo.domain.Number"
    ColumnType="NUMBER"
    TableName="SEARCH_DATA">
    <DesignTime>
      <Attr Name="_DisplaySize" Value="19"/>
    </DesignTime>
  </Attribute>
  <Attribute
    Name="Tenure"
    IsNotNull="true"
    Precision="18"
    Scale="0"
    ColumnName="TENURE"
    SQLType="NUMERIC"
    Type="oracle.jbo.domain.Number"
    ColumnType="NUMBER"
    TableName="SEARCH_DATA">
    <DesignTime>
      <Attr Name="_DisplaySize" Value="19"/>
    </DesignTime>
  </Attribute>
  <Attribute
    Name="MonthlyIncome"
    Precision="18"
    Scale="0"
    ColumnName="MONTHLY_INCOME"
    SQLType="NUMERIC"
    Type="oracle.jbo.domain.Number"
    ColumnType="NUMBER"
    TableName="SEARCH_DATA">
    <DesignTime>
      <Attr Name="_DisplaySize" Value="19"/>
    </DesignTime>
  </Attribute>
  <Attribute
    Name="City"
    IsNotNull="true"
    Precision="100"
    ColumnName="CITY"
    SQLType="VARCHAR"
    Type="java.lang.String"
    ColumnType="VARCHAR2"
    TableName="SEARCH_DATA">
    <DesignTime>
      <Attr Name="_DisplaySize" Value="100"/>
    </DesignTime>
  </Attribute>
  <Attribute
    Name="GrossTurnover"
    Precision="18"
    Scale="0"
    ColumnName="GROSS_TURNOVER"
    SQLType="NUMERIC"
    Type="oracle.jbo.domain.Number"
    ColumnType="NUMBER"
    TableName="SEARCH_DATA">
    <DesignTime>
      <Attr Name="_DisplaySize" Value="19"/>
    </DesignTime>
  </Attribute>
  <Attribute
    Name="ProfessionType"
    IsNotNull="true"
    Precision="60"
    ColumnName="PROFESSION_TYPE"
    SQLType="VARCHAR"
    Type="java.lang.String"
    ColumnType="VARCHAR2"
    TableName="SEARCH_DATA">
    <DesignTime>
      <Attr Name="_DisplaySize" Value="60"/>
    </DesignTime>
  </Attribute>
  <Attribute
    Name="PositionYears"
    Precision="18"
    Scale="0"
    ColumnName="POSITION_YEARS"
    SQLType="NUMERIC"
    Type="oracle.jbo.domain.Number"
    ColumnType="NUMBER"
    TableName="SEARCH_DATA">
    <DesignTime>
      <Attr Name="_DisplaySize" Value="19"/>
    </DesignTime>
  </Attribute>
  <Attribute
    Name="Iscollataral"
    Precision="1"
    ColumnName="ISCOLLATARAL"
    SQLType="CHAR"
    Type="java.lang.String"
    ColumnType="CHAR"
    TableName="SEARCH_DATA"
    RetrievedOnUpdate="true"
    RetrievedOnInsert="true">
    <DesignTime>
      <Attr Name="_DisplaySize" Value="1"/>
    </DesignTime>
  </Attribute>
  <Attribute
    Name="CollataralType"
    Precision="200"
    ColumnName="COLLATARAL_TYPE"
    SQLType="VARCHAR"
    Type="java.lang.String"
    ColumnType="VARCHAR2"
    TableName="SEARCH_DATA">
    <DesignTime>
      <Attr Name="_DisplaySize" Value="200"/>
    </DesignTime>
  </Attribute>
  <Attribute
    Name="LenderName"
    Precision="200"
    ColumnName="LENDER_NAME"
    SQLType="VARCHAR"
    Type="java.lang.String"
    ColumnType="VARCHAR2"
    TableName="SEARCH_DATA">
    <DesignTime>
      <Attr Name="_DisplaySize" Value="200"/>
    </DesignTime>
  </Attribute>
  <Attribute
    Name="LenderType"
    Precision="20"
    ColumnName="LENDER_TYPE"
    SQLType="VARCHAR"
    Type="java.lang.String"
    ColumnType="VARCHAR2"
    TableName="SEARCH_DATA">
    <DesignTime>
      <Attr Name="_DisplaySize" Value="20"/>
    </DesignTime>
  </Attribute>
  <Attribute
    Name="Roi"
    Precision="126"
    Scale="0"
    ColumnName="ROI"
    SQLType="FLOAT"
    Type="oracle.jbo.domain.Number"
    ColumnType="FLOAT"
    TableName="SEARCH_DATA">
    <DesignTime>
      <Attr Name="_DisplaySize" Value="39"/>
    </DesignTime>
  </Attribute>
  <Attribute
    Name="MinLoan"
    ColumnName="MIN_LOAN"
    SQLType="NUMERIC"
    Type="oracle.jbo.domain.Number"
    ColumnType="NUMBER"
    TableName="SEARCH_DATA">
    <DesignTime>
      <Attr Name="_DisplaySize" Value="39"/>
    </DesignTime>
  </Attribute>
  <Attribute
    Name="MaxLoan"
    ColumnName="MAX_LOAN"
    SQLType="NUMERIC"
    Type="oracle.jbo.domain.Number"
    ColumnType="NUMBER"
    TableName="SEARCH_DATA">
    <DesignTime>
      <Attr Name="_DisplaySize" Value="39"/>
    </DesignTime>
  </Attribute>
  <Attribute
    Name="ProcessingFee"
    ColumnName="PROCESSING_FEE"
    SQLType="NUMERIC"
    Type="oracle.jbo.domain.Number"
    ColumnType="NUMBER"
    TableName="SEARCH_DATA">
    <DesignTime>
      <Attr Name="_DisplaySize" Value="39"/>
    </DesignTime>
  </Attribute>
  <Attribute
    Name="BorrowerId"
    IsNotNull="true"
    Precision="200"
    ColumnName="BORROWER_ID"
    SQLType="VARCHAR"
    Type="java.lang.String"
    ColumnType="VARCHAR2"
    TableName="SEARCH_DATA"
    PrimaryKey="true">
    <DesignTime>
      <Attr Name="_DisplaySize" Value="200"/>
    </DesignTime>
  </Attribute>
  <Attribute
    Name="LenderId1"
    Precision="100"
    ColumnName="LENDER_ID"
    SQLType="VARCHAR"
    Type="java.lang.String"
    ColumnType="VARCHAR2"
    TableName="SEARCH_DATA">
    <DesignTime>
      <Attr Name="_DisplaySize" Value="100"/>
    </DesignTime>
  </Attribute>
  <Key
    Name="PkSearchData"
    PrimaryKey="true">
    <DesignTime>
      <Attr Name="_DBObjectName" Value="PK_SEARCH_DATA"/>
    </DesignTime>
    <AttrArray Name="Attributes">
      <Item Value="model.EO.SearchDataEO.BorrowerId"/>
    </AttrArray>
  </Key>
  <Key
    Name="SysC007545">
    <DesignTime>
      <Attr Name="_DBObjectName" Value="SYS_C007545"/>
      <Attr Name="_checkCondition" Value='"BORROWER_ID" IS NOT NULL'/>
      <Attr Name="_isCheck" Value="true"/>
    </DesignTime>
    <AttrArray Name="Attributes">
      <Item Value="model.EO.SearchDataEO.BorrowerId"/>
    </AttrArray>
  </Key>
  <Key
    Name="SysC007546">
    <DesignTime>
      <Attr Name="_DBObjectName" Value="SYS_C007546"/>
      <Attr Name="_checkCondition" Value='"EMPLOYMENT_TYPE" IS NOT NULL'/>
      <Attr Name="_isCheck" Value="true"/>
    </DesignTime>
    <AttrArray Name="Attributes">
      <Item Value="model.EO.SearchDataEO.EmploymentType"/>
    </AttrArray>
  </Key>
  <Key
    Name="SysC007547">
    <DesignTime>
      <Attr Name="_DBObjectName" Value="SYS_C007547"/>
      <Attr Name="_checkCondition" Value='"LOAN_TYPE" IS NOT NULL'/>
      <Attr Name="_isCheck" Value="true"/>
    </DesignTime>
    <AttrArray Name="Attributes">
      <Item Value="model.EO.SearchDataEO.LoanType"/>
    </AttrArray>
  </Key>
  <Key
    Name="SysC007548">
    <DesignTime>
      <Attr Name="_DBObjectName" Value="SYS_C007548"/>
      <Attr Name="_checkCondition" Value='"LOAN_AMOUNT" IS NOT NULL'/>
      <Attr Name="_isCheck" Value="true"/>
    </DesignTime>
    <AttrArray Name="Attributes">
      <Item Value="model.EO.SearchDataEO.LoanAmount"/>
    </AttrArray>
  </Key>
  <Key
    Name="SysC007549">
    <DesignTime>
      <Attr Name="_DBObjectName" Value="SYS_C007549"/>
      <Attr Name="_checkCondition" Value='"TENURE" IS NOT NULL'/>
      <Attr Name="_isCheck" Value="true"/>
    </DesignTime>
    <AttrArray Name="Attributes">
      <Item Value="model.EO.SearchDataEO.Tenure"/>
    </AttrArray>
  </Key>
  <Key
    Name="SysC007550">
    <DesignTime>
      <Attr Name="_DBObjectName" Value="SYS_C007550"/>
      <Attr Name="_checkCondition" Value='"CITY" IS NOT NULL'/>
      <Attr Name="_isCheck" Value="true"/>
    </DesignTime>
    <AttrArray Name="Attributes">
      <Item Value="model.EO.SearchDataEO.City"/>
    </AttrArray>
  </Key>
  <Key
    Name="SysC007551">
    <DesignTime>
      <Attr Name="_DBObjectName" Value="SYS_C007551"/>
      <Attr Name="_checkCondition" Value='"PROFESSION_TYPE" IS NOT NULL'/>
      <Attr Name="_isCheck" Value="true"/>
    </DesignTime>
    <AttrArray Name="Attributes">
      <Item Value="model.EO.SearchDataEO.ProfessionType"/>
    </AttrArray>
  </Key>
</Entity>
